维度,算法A,算法B,对称样本数,A优于B次数,持平次数,A劣于B次数,统计量W,p值,Holm校正p值,校正后显著性
2 维,APSO,BFGS,360,356,1,3,66.0,2.379915369932951e-60,0.0,***
2 维,APSO,DE,360,1,250,109,110.0,1.6920101934380818e-18,0.0,***
2 维,APSO,GA,360,356,0,4,1346.0,5.693039365593817e-56,0.0,***
2 维,APSO,GRID,360,360,0,0,0.0,7.674230137924251e-61,0.0,***
2 维,APSO,GWO,360,215,75,70,4231.0,4.381016408391217e-31,0.0,***
2 维,APSO,NM,360,358,0,2,363.0,1.9174620650928526e-59,0.0,***
2 维,APSO,PSO,360,246,104,10,2277.0,6.479232983753493e-33,0.0,***
2 维,APSO,RANDOM,360,360,0,0,0.0,9.403579473481191e-61,0.0,***
2 维,APSO,SA,360,360,0,0,0.0,9.403579473481191e-61,0.0,***
2 维,BFGS,DE,360,4,1,355,275.0,1.3577392735964465e-59,0.0,***
2 维,BFGS,GA,360,210,0,150,22288.0,2.427711004077335e-07,1e-06,***
2 维,BFGS,GRID,360,211,0,149,23881.0,1.3184310002642632e-05,1.3e-05,***
2 维,BFGS,GWO,360,155,0,205,21141.0,9.263688395020607e-09,0.0,***
2 维,BFGS,NM,360,302,0,58,15902.0,4.653990982294713e-17,0.0,***
2 维,BFGS,PSO,360,5,1,354,423.0,4.628004825745143e-59,0.0,***
2 维,BFGS,RANDOM,360,212,0,148,23207.0,2.6260355561473314e-06,5e-06,***
2 维,BFGS,SA,360,211,0,149,22406.0,3.3347294635401745e-07,1e-06,***
2 维,DE,GA,360,359,0,1,353.0,1.765427320967214e-59,0.0,***
2 维,DE,GRID,360,360,0,0,0.0,7.450336123376118e-61,0.0,***
2 维,DE,GWO,360,214,85,61,2089.0,1.8192427302903384e-37,0.0,***
2 维,DE,NM,360,359,1,0,0.0,1.3701015137223417e-60,0.0,***
2 维,DE,PSO,360,252,107,1,246.0,5.4301264236796555e-42,0.0,***
2 维,DE,RANDOM,360,360,0,0,0.0,9.403579473481191e-61,0.0,***
2 维,DE,SA,360,360,0,0,0.0,9.403579473481191e-61,0.0,***
2 维,GA,GRID,360,353,0,7,2499.0,4.921285612386453e-52,0.0,***
2 维,GA,GWO,360,138,0,222,20949.0,5.193294964540002e-09,0.0,***
2 维,GA,NM,360,205,0,155,15511.0,8.47212078377355e-18,0.0,***
2 维,GA,PSO,360,8,0,352,2642.0,1.47932714815024e-51,0.0,***
2 维,GA,RANDOM,360,353,0,7,2499.0,4.921285612386453e-52,0.0,***
2 维,GA,SA,360,347,0,13,3446.0,6.5360629841493776e-49,0.0,***
2 维,GRID,GWO,360,16,0,344,5535.0,2.123291186445002e-42,0.0,***
2 维,GRID,NM,360,163,0,197,21863.0,7.519868325261322e-08,0.0,***
2 维,GRID,PSO,360,7,0,353,2499.0,4.3351245996223416e-52,0.0,***
2 维,GRID,RANDOM,360,131,0,229,17581.0,4.5093840942017773e-14,0.0,***
2 维,GRID,SA,360,34,0,326,4310.0,3.786010575137457e-46,0.0,***
2 维,GWO,NM,360,238,1,121,12358.0,3.678740683462908e-24,0.0,***
2 维,GWO,PSO,360,104,44,212,8131.0,2.36037466880542e-25,0.0,***
2 维,GWO,RANDOM,360,344,0,16,5556.0,2.6125975665010127e-42,0.0,***
2 维,GWO,SA,360,338,0,22,5967.0,4.422499551502008e-41,0.0,***
2 维,NM,PSO,360,3,0,357,336.0,1.5340291598719233e-59,0.0,***
2 维,NM,RANDOM,360,194,0,166,20240.0,5.657832246634452e-10,0.0,***
2 维,NM,SA,360,184,0,176,17263.0,1.2948964668699452e-14,0.0,***
2 维,PSO,RANDOM,360,353,0,7,2499.0,4.921285612386453e-52,0.0,***
2 维,PSO,SA,360,351,0,9,2737.0,3.064467174082097e-51,0.0,***
2 维,RANDOM,SA,360,33,0,327,5049.0,7.511979960202167e-44,0.0,***
10 维,APSO,BFGS,270,219,0,51,6234.0,6.039372208113369e-21,0.0,***
10 维,APSO,DE,270,188,0,82,16936.0,0.29086119235031926,1.0,不显著
10 维,APSO,GA,270,201,0,69,13987.0,0.0008009581047801599,0.007209,**
10 维,APSO,GWO,270,112,0,158,16678.0,0.2087083265192684,1.0,不显著
10 维,APSO,NM,270,270,0,0,0.0,4.9273748175044165e-46,0.0,***
10 维,APSO,PSO,270,216,1,53,10615.0,3.512344737817927e-09,0.0,***
10 维,APSO,SA,270,267,0,3,634.0,5.111770014580694e-43,0.0,***
10 维,BFGS,DE,270,117,0,153,8315.0,7.91408406571451e-15,0.0,***
10 维,BFGS,GA,270,131,0,139,10210.0,3.105623063109175e-10,0.0,***
10 维,BFGS,GWO,270,92,0,178,13712.0,0.0003616548193731076,0.003617,**
10 维,BFGS,NM,270,261,0,9,1108.0,7.84533392488183e-41,0.0,***
10 维,BFGS,PSO,270,91,0,179,7849.0,4.2297250147238373e-16,0.0,***
10 维,BFGS,SA,270,149,0,121,17558.0,0.5673788711081402,1.0,不显著
10 维,DE,GA,270,217,0,53,10895.0,8.409443295667946e-09,0.0,***
10 维,DE,GWO,270,122,0,148,15257.0,0.018099214373979055,0.126695,不显著
10 维,DE,NM,270,270,0,0,0.0,4.9273748175044165e-46,0.0,***
10 维,DE,PSO,270,100,0,170,17006.0,0.31647449135688144,1.0,不显著
10 维,DE,SA,270,269,0,1,129.0,2.064460661397786e-45,0.0,***
10 维,GA,GWO,270,73,0,197,14604.0,0.004078333529734745,0.032627,*
10 维,GA,NM,270,269,0,1,165.0,3.0737112767884856e-45,0.0,***
10 维,GA,PSO,270,76,0,194,15885.0,0.06084887622075096,0.365093,不显著
10 维,GA,SA,270,268,0,2,421.0,5.094147054168859e-44,0.0,***
10 维,GWO,NM,270,243,0,27,4456.0,4.5798301421347864e-27,0.0,***
10 维,GWO,PSO,270,161,0,109,17398.0,0.4861160736071113,1.0,不显著
10 维,GWO,SA,270,240,0,30,6766.0,2.8316790409164463e-19,0.0,***
10 维,NM,PSO,270,0,0,270,0.0,4.9273748175044165e-46,0.0,***
10 维,NM,SA,270,4,0,266,352.0,2.3993473732587273e-44,0.0,***
10 维,PSO,SA,270,264,0,6,1237.0,3.0155051290484365e-40,0.0,***
30 维,APSO,BFGS,270,137,0,133,11507.0,1.2673377929336964e-07,1e-06,***
30 维,APSO,DE,270,152,0,118,13934.0,0.0006894719386764694,0.003447,**
30 维,APSO,GA,270,213,0,57,10447.0,1.0033720763736025e-09,0.0,***
30 维,APSO,GWO,270,42,0,228,8851.0,1.958583516556539e-13,0.0,***
30 维,APSO,NM,270,270,0,0,0.0,4.9273748175044165e-46,0.0,***
30 维,APSO,PSO,270,134,0,136,18290.0,0.9984468254822189,0.998447,不显著
30 维,APSO,SA,270,269,0,1,64.0,1.0042562744113109e-45,0.0,***
30 维,BFGS,DE,270,141,0,129,13568.0,0.00023441070498515264,0.001406,**
30 维,BFGS,GA,270,137,0,133,14838.0,0.007148733214240236,0.021446,*
30 维,BFGS,GWO,270,98,0,172,15620.0,0.03744000521193919,0.07488,不显著
30 维,BFGS,NM,270,270,0,0,0.0,4.9273748175044165e-46,0.0,***
30 维,BFGS,PSO,270,135,0,135,11634.0,2.1645665580292202e-07,2e-06,***
30 维,BFGS,SA,270,191,0,79,7406.0,2.3159656418578922e-17,0.0,***
30 维,DE,GA,270,209,0,61,13417.0,0.00014687642534945284,0.001028,**
30 维,DE,GWO,270,60,0,210,11726.0,3.1710964773328807e-07,3e-06,***
30 维,DE,NM,270,270,0,0,0.0,4.9273748175044165e-46,0.0,***
30 维,DE,PSO,270,109,0,161,14248.0,0.0016369756091000277,0.006548,**
30 维,DE,SA,270,248,0,22,3162.0,4.8727320913827905e-32,0.0,***
30 维,GA,GWO,270,33,0,237,7671.0,1.3351459568862623e-16,0.0,***
30 维,GA,NM,270,270,0,0,0.0,4.9273748175044165e-46,0.0,***
30 维,GA,PSO,270,77,0,193,12614.0,9.799745745364108e-06,7.8e-05,***
30 维,GA,SA,270,270,0,0,0.0,4.9273748175044165e-46,0.0,***
30 维,GWO,NM,270,241,0,29,3922.0,4.5879344073214297e-29,0.0,***
30 维,GWO,PSO,270,232,0,38,8170.0,3.225653352401615e-15,0.0,***
30 维,GWO,SA,270,240,0,30,5387.0,9.296901022124926e-24,0.0,***
30 维,NM,PSO,270,0,0,270,0.0,4.9273748175044165e-46,0.0,***
30 维,NM,SA,270,0,0,270,0.0,4.9273748175044165e-46,0.0,***
30 维,PSO,SA,270,269,0,1,98.0,1.4644881986944154e-45,0.0,***
