算法,参数,取值,平均误差,误差中位数,log10平均误差,成功率,样本数
GA,pc,0.6,5.335857866191935,0.03593188661472313,0.7272042525520025,0.225,40
GA,pc,0.75,5.945893281313259,0.049945147228222186,0.7742171100905371,0.125,40
GA,pc,0.9,3.7335637569756246,0.04762342356452409,0.5721235720474829,0.15,40
GA,pc,1.0,3.7005862687377507,0.1376074484156915,0.5682705330152158,0.15,40
GA,pm_factor,0.2,5.288388134166129,0.08472275065129764,0.7233233221094082,0.125,40
GA,pm_factor,0.5,3.3847495748884975,0.010800844447905522,0.5295265423662644,0.45,40
GA,pm_factor,1.0,3.7335637569756246,0.04762342356452409,0.5721235720474829,0.15,40
GA,pm_factor,2.0,8.752908040673494,2.1041616927702353,0.942152365730438,0.0,40
GA,pm_factor,5.0,121.04877765707458,21.18640024393818,2.0829604083215987,0.0,40
PSO,w,0.2,1070.3052473565199,21.419222048234985,3.0295076546355793,0.0,40
PSO,w,0.4,10.769018910840018,2.476739848039104,1.0321761396010407,0.375,40
PSO,w,0.6,3.842518977755494,0.6530085470269306,0.58461602110726,0.475,40
PSO,w,0.729,3.186621191910105,0.07305189388526089,0.5033304399906459,0.5,40
PSO,w,0.9,6083.933851833977,53.67512062909874,3.784184483497387,0.0,40
PSO,c1,0.5,5.194667854504141,0.5735354556162848,0.715557784122816,0.475,40
PSO,c1,1.0,4.057910506951432,0.04094344393979287,0.6083024648842904,0.5,40
PSO,c1,1.49445,3.186621191910105,0.07305189388526089,0.5033304399906459,0.5,40
PSO,c1,2.0,3.735504041569148,0.3398477717583332,0.5723492106235333,0.5,40
PSO,c1,2.5,78.23717453387101,12.383947302037853,1.8934131579029416,0.0,40
DE,F,0.2,2405.866965327114,8.171092597880573,3.3812716089465935,0.0,40
DE,F,0.4,2.9003708750001573,0.06820568224389789,0.46245353537066924,0.5,40
DE,F,0.6,2.53788701178754,0.8503836099587672,0.40447228314518835,0.5,40
DE,F,0.8,5.592183235285888,3.102514117400899,0.7475813932044044,0.2,40
DE,F,1.0,48.87556301691528,7.129280629951563,1.6890917732424218,0.0,40
DE,CR,0.1,4.866095059026058,1.2440785740475135e-05,0.6871805886078837,0.75,40
DE,CR,0.3,3.2166638663828335,0.0008178681416846079,0.5074056805470591,0.55,40
DE,CR,0.6,3.004074604003329,1.55583187803701,0.47771071385313213,0.5,40
DE,CR,0.9,2.66043120157799,1.2126643798525147,0.42495203260449776,0.5,40
DE,CR,1.0,78.26147617857319,26.8666958951518,1.8935480353633172,0.025,40
SA,step_ratio,0.01,173859.75176862322,91.26754074753298,5.240199055217871,0.0,40
SA,step_ratio,0.02,16050.454540782497,21.916812969757636,4.20548733591587,0.0,40
SA,step_ratio,0.05,2243.9190428224197,12.007937957393292,3.351007184184065,0.0,40
SA,step_ratio,0.1,1906.2291317456315,24.095335600038204,3.280175102321116,0.0,40
SA,step_ratio,0.2,3278.987400287845,55.283093184484486,3.515739747869129,0.0,40
SA,cool_power,0.2,1326.1954802429284,27.78923571368415,3.122607543475779,0.0,40
SA,cool_power,0.3,2243.9190428224197,12.007937957393292,3.351007184184065,0.0,40
SA,cool_power,0.5,34818.81119441011,16.22764161290906,4.541813939081099,0.0,40
SA,cool_power,0.8,268108.6171600072,78.98818946581082,5.4283107726732895,0.0,40
GWO,pop_factor,0.5,1.796823628884176,1.9984014443252818e-15,0.25450545008555453,0.75,40
GWO,pop_factor,1.0,1.7456842801774435,2.220446049250313e-16,0.2419657011251389,0.75,40
GWO,pop_factor,2.0,1.5875067206584814,2.220446049250313e-16,0.2007155725398554,0.75,40
