dim,algo,algo_cn,样本块数,平均排名,排名标准差,名次
2,DE,差分进化,360,1.806,0.482,1
2,APSO,自适应权重粒子群,360,2.147,0.673,2
2,PSO,粒子群算法,360,3.136,0.923,3
2,GWO,灰狼优化,360,4.365,2.392,4
2,GA,遗传算法,360,5.669,1.099,5
2,BFGS,拟牛顿法 BFGS,360,6.349,2.583,6
2,SA,模拟退火,360,7.161,1.227,7
2,NM,单纯形法 Nelder-Mead,360,7.458,2.23,8
2,RANDOM,RANDOM,360,8.317,1.253,9
2,GRID,GRID,360,8.592,1.216,10
10,APSO,自适应权重粒子群,270,2.543,1.377,1
10,GWO,灰狼优化,270,3.093,2.479,2
10,PSO,粒子群算法,270,3.409,1.133,3
10,DE,差分进化,270,3.507,1.228,4
10,GA,遗传算法,270,4.493,1.665,5
10,BFGS,拟牛顿法 BFGS,270,4.696,2.163,6
10,SA,模拟退火,270,6.411,0.848,7
10,NM,单纯形法 Nelder-Mead,270,7.848,0.426,8
30,GWO,灰狼优化,270,2.222,2.132,1
30,APSO,自适应权重粒子群,270,3.493,0.87,2
30,PSO,粒子群算法,270,3.548,1.072,3
30,DE,差分进化,270,3.767,1.448,4
30,BFGS,拟牛顿法 BFGS,270,3.907,2.467,5
30,GA,遗传算法,270,4.663,1.725,6
30,SA,模拟退火,270,6.507,0.895,7
30,NM,单纯形法 Nelder-Mead,270,7.893,0.31,8
