检查项,字段,问题数量,占比,处理方式
缺失值,province,5820,2.00%,按字段语义分别处理（见清洗日志）
缺失值,city,5820,2.00%,按字段语义分别处理（见清洗日志）
缺失值,quantity,2323,0.80%,按字段语义分别处理（见清洗日志）
缺失值,rating,23290,8.00%,按字段语义分别处理（见清洗日志）
业务空值,promotion,208481,71.63%,空值表示非大促订单，填充为「非大促」
重复值,全部字段,1735,0.60%,删除完全重复的行
重复值,order_id,1735,0.60%,按订单号去重，保留首次出现记录
格式异常,amount,5820,2.00%,剥离货币符号与千分位后转数值
格式异常,order_time,876,0.30%,统一解析为 datetime 类型
逻辑异常,quantity,1152,0.40%,视为录入错误，按金额与单价反推数量
逻辑异常,amount,1570,0.54%,按 单价x数量-折扣 重算修正
文本不规范,channel,1751,0.60%,去除首尾空白字符并统一大小写
文本不规范,category,1745,0.60%,去除首尾空白字符并统一大小写
