地区A,地区B,p值,差异
四川,广东,0.0,显著
山东,广东,0.0,显著
河南,浙江,0.0,显著
广东,河南,0.0,显著
江苏,河南,0.0,显著
广东,湖北,0.0,显著
北京,陕西,0.0,显著
北京,福建,0.0,显著
北京,湖南,0.0,显著
北京,湖北,0.0,显著
北京,浙江,0.0,显著
北京,江苏,0.0,显著
北京,河南,0.0,显著
北京,山东,0.0,显著
北京,四川,0.0,显著
上海,陕西,0.0,显著
上海,福建,0.0,显著
上海,湖南,0.0,显著
上海,湖北,0.0,显著
广东,福建,0.0,显著
上海,河南,0.0,显著
广东,陕西,0.0,显著
上海,山东,0.0,显著
上海,四川,0.0,显著
广东,湖南,0.0,显著
江苏,陕西,0.0,显著
广东,浙江,0.0,显著
江苏,湖南,0.0,显著
山东,江苏,0.0,显著
浙江,陕西,0.0,显著
广东,江苏,0.0,显著
江苏,湖北,0.0,显著
浙江,湖南,0.0,显著
上海,浙江,0.0,显著
山东,浙江,0.0,显著
未知,河南,0.0,显著
江苏,福建,0.0,显著
四川,河南,0.0,显著
未知,陕西,1e-06,显著
北京,未知,2e-06,显著
浙江,湖北,9e-06,显著
未知,湖南,1.5e-05,显著
上海,江苏,3.1e-05,显著
山东,未知,5.9e-05,显著
浙江,福建,0.000166,显著
四川,陕西,0.000199,显著
四川,江苏,0.000348,显著
上海,北京,0.001696,显著
未知,湖北,0.00313,显著
广东,未知,0.003144,显著
四川,湖南,0.005168,显著
未知,福建,0.008748,显著
四川,山东,0.020468,显著
河南,福建,0.024077,显著
河南,湖北,0.02936,显著
