province,订单量,销售额,客单价,中位客单价,退货率,平均评分,销售额占比
广东,39910,51979064.72,1302.407,404.37,0.1,4.327,0.1592
北京,28926,39320005.54,1359.331,411.09,0.103,4.325,0.1204
上海,29801,37909189.28,1272.078,396.31,0.102,4.329,0.1161
江苏,26267,30594258.16,1164.741,354.71,0.101,4.316,0.0937
浙江,26095,29481269.34,1129.767,355.13,0.104,4.324,0.0903
四川,22995,24404322.66,1061.288,325.44,0.104,4.325,0.0747
河南,23740,21975408.69,925.67,291.215,0.102,4.334,0.0673
湖北,21439,21603862.34,1007.69,318.14,0.098,4.322,0.0662
山东,18305,17800468.16,972.437,302.0,0.106,4.324,0.0545
福建,17451,17694236.12,1013.938,310.1,0.102,4.319,0.0542
湖南,15051,14412060.98,957.548,299.13,0.101,4.332,0.0441
陕西,13544,12650175.77,934.006,292.255,0.104,4.322,0.0387
未知,5786,6705285.54,1158.881,352.295,0.098,4.348,0.0205
