category,product,销量,销售额,订单数
手机数码,蓝牙耳机,7953,24971311.87,4908
手机数码,智能手表,7847,24951648.01,4807
手机数码,无线充电器,7871,24842872.85,4826
手机数码,移动电源,7817,24713917.11,4802
手机数码,智能手机,7891,24684035.83,4893
手机数码,平板电脑,7723,24126353.51,4828
家用电器,扫地机器人,6388,13445418.72,3941
家用电器,加湿器,6407,13183330.38,3901
家用电器,挂烫机,6302,12649223.14,3847
家用电器,破壁机,6218,12629785.93,3835
家用电器,电饭煲,6246,12586870.04,3824
家用电器,空气炸锅,6193,12539252.11,3863
服饰鞋包,冬季羽绒服,20368,7689729.25,12682
服饰鞋包,针织连衣裙,20351,7644153.54,12503
服饰鞋包,休闲运动鞋,20328,7621139.04,12550
