特征,标准化系数,影响强度,方向
category_手机数码,1.1312,1.1312,提高订单金额
category_家用电器,0.9119,0.9119,提高订单金额
category_服饰鞋包,0.7123,0.7123,提高订单金额
category_运动户外,0.4937,0.4937,提高订单金额
quantity,0.4675,0.4675,提高订单金额
category_美妆个护,0.4552,0.4552,提高订单金额
category_母婴玩具,0.3743,0.3743,提高订单金额
category_食品生鲜,0.1674,0.1674,提高订单金额
折扣率,-0.1399,0.1399,降低订单金额
province_河南,-0.0847,0.0847,降低订单金额
province_陕西,-0.0639,0.0639,降低订单金额
province_山东,-0.0639,0.0639,降低订单金额
province_湖南,-0.062,0.062,降低订单金额
province_湖北,-0.0587,0.0587,降低订单金额
province_福建,-0.0576,0.0576,降低订单金额
province_四川,-0.0549,0.0549,降低订单金额
member_level_钻石会员,0.05,0.05,提高订单金额
member_level_金牌会员,0.0447,0.0447,提高订单金额
province_江苏,-0.0346,0.0346,降低订单金额
province_浙江,-0.0313,0.0313,降低订单金额
member_level_银牌会员,0.0217,0.0217,提高订单金额
province_未知,-0.0175,0.0175,降低订单金额
is_promo_True,0.0167,0.0167,提高订单金额
province_北京,0.0114,0.0114,提高订单金额
province_广东,0.0061,0.0061,提高订单金额
hour,-0.0012,0.0012,降低订单金额
channel_线下门店,-0.0008,0.0008,降低订单金额
channel_网页,0.0006,0.0006,提高订单金额
rating_filled,0.0006,0.0006,提高订单金额
channel_小程序,0.0004,0.0004,提高订单金额
