特征,标准化系数,影响方向,影响强度
category_服饰鞋包,1.2169,提高退货概率,1.2169
category_运动户外,0.5082,提高退货概率,0.5082
category_美妆个护,0.4614,提高退货概率,0.4614
category_母婴玩具,0.3935,提高退货概率,0.3935
category_手机数码,0.3493,提高退货概率,0.3493
rating_filled,-0.27,降低退货概率,0.27
category_家用电器,0.2547,提高退货概率,0.2547
category_食品生鲜,0.2148,提高退货概率,0.2148
is_promo_True,0.1665,提高退货概率,0.1665
quantity,0.0505,提高退货概率,0.0505
channel_网页,0.0221,提高退货概率,0.0221
member_level_银牌会员,0.0154,提高退货概率,0.0154
折扣率,-0.0127,降低退货概率,0.0127
hour,0.0064,提高退货概率,0.0064
member_level_钻石会员,0.0051,提高退货概率,0.0051
channel_线下门店,0.0041,提高退货概率,0.0041
member_level_金牌会员,0.0023,提高退货概率,0.0023
channel_小程序,0.0012,提高退货概率,0.0012
单价对数,0.0002,提高退货概率,0.0002
