假正率FPR,真正率TPR
0.0,0.0
0.00032071840923669016,0.0024878434920275923
0.000718409236690186,0.005654189754608165
0.0010519563822963438,0.009159787402465227
0.0015137908915971777,0.012099966074861473
0.00209108402822322,0.014927060952165555
0.002578576010262989,0.018432658600022616
0.003104554201411161,0.020468166911681556
0.003438101347017319,0.0234083455840778
0.004156510583707505,0.026235440461381883
0.004644002565747274,0.029062535338685965
0.004990378447722899,0.03155037883071356
0.00541372674791533,0.03471672509329413
0.005785760102629891,0.0369784009951374
0.006247594611930725,0.03935316069207283
0.006773572803078897,0.04172792038900826
0.007107119948685054,0.04478118285649666
0.00745349583066068,0.04704285875833993
0.007979474021808852,0.0493045346601832
0.008402822322001282,0.05303629989822459
0.00880051314945478,0.05541105959516001
0.00927517639512508,0.059255908628293566
0.009852469531751123,0.06219608730068981
0.010391276459268762,0.06445776320253307
0.010788967286722257,0.067171774284745
0.011353431686978832,0.06954653398168043
0.011879409878127004,0.07226054506389235
0.012469531751122514,0.07452222096573562
0.012944194996792816,0.07667081307248672
0.013380372033354715,0.0791586565645143
0.014162924951892239,0.08175958385163407
0.014599101988454138,0.0846997625240303
0.015163566388710713,0.08662218704059708
0.015856318152661964,0.08899694673753251
0.016305323925593328,0.09103245504919145
0.016754329698524695,0.09340721474612688
0.017139191789608724,0.09566889064797014
0.017716484926234767,0.09781748275472125
0.018191148171905067,0.10030532624674884
0.018755612572161642,0.10222775076331561
0.01930724823604875,0.10437634287006672
0.02,0.10652493497681782
0.020602950609364977,0.10889969467375325
0.02123155869146889,0.111500621960873
0.021693393200769726,0.11410154924799276
0.022219371391917896,0.1161370575596517
0.022860808210391277,0.1182856496664028
0.023361128928800514,0.11998190659278525
0.024041051956382297,0.12201741490444419
0.024541372674791534,0.12518376116702476
0.02524695317511225,0.12710618568359155
0.026196279666452854,0.12902861020015832
0.026786401539448366,0.1311772023069094
0.027286722257857603,0.13287345923329186
0.027953816549069917,0.1349089675449508
0.028543938422065426,0.13717064344679408
0.028915971776779986,0.1395454031437295
0.02953175112251443,0.14214633043084926
0.030096215522771006,0.14429492253760037
0.030686337395766518,0.1470089336198123
0.031276459268762026,0.14983602849711636
0.031982039769082746,0.15175845301368313
0.0327132777421424,0.15379396132534207
0.0331879409878127,0.15628180481736967
0.033880692751763954,0.1583173131290286
0.03441949967928159,0.16091824041614836
0.03499679281590763,0.16351916770326813
0.03590763309813983,0.16566775981001922
0.036420782552918536,0.16770326812167816
0.036908274534958305,0.16962569263824495
0.0376651699807569,0.1716612009499039
0.03819114817190507,0.17460137962230013
0.03875561257216164,0.1770892231143277
0.039166132135984605,0.179350899016171
0.03964079538165491,0.18104715594255344
0.040153944836433614,0.18319574804930452
0.04102629890955741,0.18523125636096346
0.04141116100064144,0.1876060160578989
0.04192431045542014,0.18941535677937352
0.04230917254650417,0.19167703268121677
0.04302758178319435,0.19473029514870518
0.04365618986529827,0.19665271966527198
0.04422065426555484,0.19936673074748387
0.044951892238614496,0.20162840664932716
0.045657472738935216,0.20411625014135473
0.04632456703014753,0.20603867465792153
0.04686337395766517,0.20863960194504128
0.04745349583066068,0.2110143616419767
0.04796664528543938,0.21316295374872782
0.048505452212957025,0.21553771344566325
0.049069916613213596,0.2177993893475065
0.04976266837716485,0.22017414904444194
0.05031430404105196,0.2226619925364695
0.050686337395766515,0.22469750084812845
0.05125080179602309,0.22786384711070903
0.0518024374599102,0.2301255230125523
0.05212315586914689,0.23272645029967207
0.052700449005772934,0.23430962343096234
0.053329057087876844,0.23645821553771346
0.05398332264271969,0.2390591428248332
0.05441949967928159,0.24143390252176863
0.05527902501603592,0.24358249462851975
0.05599743425272611,0.24607033812054732
0.05649775497113534,0.24821893022729843
0.057228992944195,0.25014135474386523
0.058050032071840924,0.25183761167024765
0.05876844130853111,0.25353386859663013
0.059640795381654906,0.2560217120886577
0.06061577934573444,0.25794413660522447
0.06128287363694676,0.2596403935316069
0.06192431045542014,0.26167590184326583
0.06259140474663245,0.26359832635983266
0.06339961513790891,0.2658600022616759
0.06400256574727389,0.26778242677824265
0.06486209108402823,0.26947868370462513
0.06552918537524054,0.27162727581137625
0.06628608082103912,0.2736627841230352
0.06710711994868505,0.2758113762297863
0.06782552918537524,0.27807305213162953
0.0685567671584349,0.28135248218930226
0.06898011545862733,0.2833879905009612
0.06986529826812059,0.28519733122243585
0.07051956382296344,0.2880244260997399
0.07131494547787043,0.29028610200158317
0.07194355355997434,0.2926608616985186
0.0727517639512508,0.2948094538052697
0.07343168697883258,0.29661879452674433
0.07394483643361129,0.2986543028384033
0.07459910198845414,0.30114214633043085
0.07530468248877485,0.30329073843718196
0.0758434894162925,0.3055524143390252
0.07672867222578576,0.3071355874703155
0.07753688261706222,0.30917109578197444
0.07819114817190506,0.31098043650344903
0.07902501603592046,0.3127897772249237
0.07979474021808852,0.3149383693316748
0.08060295060936498,0.317200045233518
0.08144964720974984,0.3194617211353613
0.08224502886465683,0.3217233970372046
0.08334830019243104,0.3235327377586792
0.08395125080179602,0.32613366504579894
0.08481077613855036,0.32828225715255005
0.08543938422065427,0.33043084925930116
0.08611930724823605,0.3324663575709601
0.0868505452212957,0.33450186588261904
0.08760744066709429,0.336537374194278
0.08817190506735087,0.3387990500961212
0.08880051314945478,0.34139997738324096
0.0895445798588839,0.3435485694899921
0.09098139833226428,0.34592332918692753
0.09171263630532392,0.34761958611330995
0.09277742142398973,0.34976817822006107
0.0932649134060295,0.35202985412190435
0.09395766516998076,0.3542915300237476
0.0948556767158435,0.3563270383354065
0.09599743425272611,0.35847563044215763
0.09662604233483002,0.36062422254890875
0.09789608723540731,0.36277281465565986
0.09878127004490057,0.3648083229673188
0.09933290570878768,0.36740925025443855
0.09988454137267479,0.3694447585660975
0.10076972418216806,0.3710279316973878
0.10135984605516357,0.3728372724188624
0.10218088518280949,0.3745335293452448
0.1031302116741501,0.3773606242225489
0.10387427838357922,0.3790568811489314
0.10450288646568313,0.3814316408458668
0.10496472097498397,0.38380640054280224
0.10549069916613213,0.38606807644464547
0.10614496472097498,0.38799050096121224
0.10700449005772932,0.3896867578875947
0.1082745349583066,0.3916091824041615
0.10895445798588839,0.3937577745109126
0.1100577293136626,0.3955671152323872
0.11066067992302758,0.39726337215876967
0.11125080179602309,0.39907271288024426
0.11226427196921103,0.4011082211919032
0.11288005131494548,0.40303064570846997
0.11380372033354715,0.40495307022503674
0.11479153303399615,0.4069885785366957
0.11553559974342527,0.40879791925817033
0.1162026940346376,0.41083342756982927
0.11706221937139191,0.41332127106185684
0.11798588838999359,0.41569603075879225
0.11903784477228993,0.41829695804591205
0.11997434252726107,0.42067171774284745
0.120795381654907,0.4225941422594142
0.12148813341885824,0.42474273436616533
0.1226940346375882,0.42643899129254775
0.12359204618345093,0.4284744996042067
0.12432328415651059,0.43017075653058917
0.1248364336112893,0.4318670134569716
0.12537524053880691,0.4334501865882619
0.1262219371391918,0.43548569489992084
0.12694034637588197,0.43763428700667195
0.12774855676715843,0.43944362772814655
0.12826170622193714,0.44159221983489766
0.12892880051314945,0.4435146443514644
0.12983964079538166,0.445323985072939
0.13044259140474662,0.44724640958950584
0.13103271327774213,0.4491688341060726
0.13202052597819114,0.45120434241773155
0.13261064785118665,0.45335293452448266
0.1335856318152662,0.45516227524595726
0.13447081462475946,0.45697161596743185
0.13526619627966646,0.4593463756643673
0.13607440667094292,0.4614949677711184
0.1368697883258499,0.46375664367296165
0.13756254008980115,0.46556598439443625
0.13835792174470815,0.4673753251159109
0.13878127004490057,0.4700893361981228
0.1396023091725465,0.47212484450978176
0.14048749198203977,0.4742734366165329
0.14135984605516358,0.47608277733800747
0.1420910840282232,0.47800520185457424
0.1428479794740218,0.479927626371141
0.14373316228351507,0.48196313468279994
0.14464400256574728,0.4836593916091824
0.1455035279025016,0.48569489992084136
0.14635022450288646,0.4878434920275925
0.147132777421424,0.4901051679294357
0.14806927517639512,0.49214067624109464
0.14908274534958307,0.49395001696256924
0.150096215522771,0.49609860906932035
0.15103271327774215,0.4981341173809793
0.15182809493264912,0.49983037430736177
0.15245670301475306,0.5016397150288364
0.15348300192431047,0.503449055750311
0.15416292495189224,0.5050322288816013
0.15495830660679924,0.506954653398168
0.15547145606157795,0.5093294130951035
0.15644644002565747,0.5112518376116703
0.15752405388069274,0.5130611783331449
0.15801154586273253,0.5150966866448038
0.159012187299551,0.5169060273662784
0.1599615137908916,0.5188284518828452
0.16101347017318793,0.5208639601945041
0.16179602309172547,0.5230125523012552
0.16255291853752404,0.5247088092276376
0.1634381013470173,0.5268574013343887
0.1644002565747274,0.5287798258509555
0.16543938422065427,0.530476082777338
0.16642719692110328,0.5323985072939048
0.1672097498396408,0.5344340156055637
0.16862091084028225,0.5363564401221305
0.16913406029506092,0.5381657808436051
0.17063502245028864,0.540201289155264
0.1718024374599102,0.5421237136718309
0.17289288005131495,0.5440461381883976
0.17400898011545862,0.5463078140902409
0.17506093649775498,0.548456406196992
0.1765105837075048,0.5503788307135588
0.17760102629890956,0.5527535904104942
0.17858883899935857,0.554676014927061
0.18006414368184734,0.5565984394436277
0.181180243745991,0.5586339477552866
0.18242463117382937,0.5604432884767613
0.18383579217447082,0.5625918805835124
0.1852212957023733,0.5645143051000792
0.18664528543938422,0.5664367296166459
0.18791533033996152,0.5683591541332127
0.18869788325849904,0.5702815786497795
0.18963438101347016,0.5720909193712541
0.19084028223220012,0.5740133438878209
0.19154586273252083,0.5755965170191112
0.19302116741500963,0.5772927739454936
0.1941372674791533,0.5791021146669683
0.1950865939704939,0.5809114553884428
0.19631815266196279,0.5829469637001018
0.1971520205259782,0.585208639601945
0.19819114817190506,0.5874703155037883
0.1994868505452213,0.5892796562252629
0.20088518280949327,0.5909759131516453
0.20216805644644004,0.59278525387312
0.2032841565105837,0.5945945945945946
0.20464400256574727,0.5967431867013457
0.20570878768441309,0.5986656112179125
0.20754329698524696,0.6008142033246636
0.20847979474021808,0.6029627954314147
0.20971135343168698,0.6046590523577972
0.2116356638871071,0.6063553092841796
0.21270044900577292,0.6081646500056542
0.2136241180243746,0.6098609069320367
0.21488133418858243,0.6115571638584191
0.21629249518922386,0.6134795883749858
0.21719050673508658,0.6154020128915526
0.21785760102629892,0.6170982698179351
0.2186914688903143,0.6192468619246861
0.2197562540089801,0.6209431188510687
0.22174470814624758,0.6229786271627276
0.22251443232841564,0.62467488408911
0.2236433611289288,0.6268234761958611
0.22472097498396407,0.6290851520977044
0.22584990378447722,0.6310075766142712
0.2275304682488775,0.632930001130838
0.22865939704939064,0.6346262580572204
0.2296215522771007,0.6363225149836028
0.23057087876844132,0.6381318557050775
0.23312379730596536,0.6397150288363678
0.23445798588838998,0.6417505371480267
0.23545862732520847,0.643333710279317
0.23672867222578575,0.6449168834106073
0.23784477228992945,0.6471785593124505
0.23883258499037846,0.6491009838290173
0.24034637588197563,0.6513626597308606
0.24179602309172546,0.653058916657243
0.24305323925593328,0.6546420897885333
0.24468248877485568,0.6563383467149158
0.24606799230275817,0.6580346036412982
0.24824887748556768,0.6597308605676806
0.2500449005772931,0.6615402012891552
0.25202052597819113,0.663462625805722
0.25372674791533034,0.6653850503222888
0.25524053880692754,0.6671943910437634
0.25783194355356,0.6691168155603302
0.2596792815907633,0.6706999886916205
0.26165490699166133,0.6723962456180029
0.26324567030147533,0.6740925025443854
0.26488774855676717,0.6760149270609521
0.2662347658755613,0.6778242677824268
0.2690699166132136,0.6795205247088092
0.27098139833226426,0.6813298654302838
0.27258499037844774,0.6830261223566663
0.2751763951250802,0.684948546873233
0.2767158434894163,0.6866448037996156
0.2788838999358563,0.6885672283161823
0.28030788967286724,0.6903765690376569
0.2818601667735728,0.6920728259640394
0.28302758178319437,0.6939952504806062
0.2843104554201411,0.6958045912020807
0.2861834509300834,0.6975008481284632
0.28781270044900575,0.6993101888499378
0.28949326491340605,0.7010064457763202
0.29050673508659397,0.7028157864977949
0.2931622835150738,0.7045120434241773
0.295445798588839,0.7062083003505598
0.29776779987171265,0.70779147348185
0.29946119307248237,0.7099400655886011
0.3017447081462476,0.7117494063100758
0.30424631173829375,0.7134456632364582
0.30655548428479795,0.7152550039579328
0.3088774855676716,0.7169512608843153
0.3114175753688262,0.7186475178106977
0.31397049390635023,0.720230690941988
0.31756254008980117,0.7220400316634626
0.3195766516998076,0.7238493723849372
0.32238614496472096,0.7257717969015041
0.32397690827453496,0.7273549700327943
0.3261834509300834,0.7290512269591768
0.3288389993585632,0.730634400090467
0.33044259140474663,0.7324437408119416
0.33244387427838357,0.7341399977383241
0.3351379089159718,0.7358362546647066
0.3374599101988454,0.7376455953861811
0.34175753688261706,0.7394549361076558
0.3440153944836434,0.7410381092389461
0.34631173829377804,0.7426212823702364
0.34844130853110966,0.7444306230917109
0.3501347017318794,0.7463530476082777
0.3520076972418217,0.7481623883297523
0.3555612572161642,0.7497455614610427
0.35820397690827455,0.7514418183874251
0.3613855035279025,0.7530249915187154
0.3630404105195638,0.7547212484450978
0.36465683130211674,0.7563044215763881
0.36703014753046825,0.7578875947076784
0.3701475304682489,0.7595838516340608
0.37441949967928156,0.7611670247653511
0.3769082745349583,0.7627501978966414
0.3794483643361129,0.7643333710279318
0.3810647851186658,0.7660296279543142
0.38322001282873636,0.7678389686757887
0.3869275176395125,0.769422141807079
0.38892880051314943,0.7710053149383693
0.39131494547787044,0.7727015718647517
0.39323925593329057,0.7745109125862264
0.3958434894162925,0.7762071695126088
0.3981270044900577,0.7777903426438991
0.40085952533675434,0.7794865995702815
0.4030917254650417,0.7810697727015719
0.4068890314304041,0.7828791134230465
0.4090314304041052,0.7845753703494289
0.4118152661962797,0.7862716272758113
0.4143168697883258,0.7878548004071017
0.41812700449005774,0.7895510573334841
0.42038486209108406,0.7912473142598666
0.4237075048107761,0.792943571186249
0.4284028223220013,0.7946398281126315
0.4319435535599743,0.7962230012439218
0.43526619627966645,0.7978061743752121
0.4396664528543938,0.7993893475065024
0.4409108402822322,0.8009725206377926
0.44348941629249516,0.8026687775641751
0.44667094291212317,0.8044781182856496
0.4499807568954458,0.8060612914169399
0.45440667094291215,0.8076444645482302
0.4564720974983964,0.8092276376795206
0.4597562540089801,0.8108108108108109
0.46187299550994226,0.8125070677371933
0.46465683130211677,0.8142033246635757
0.4665169980756895,0.815786497794866
0.46837716484926234,0.8173696709261563
0.47090442591404746,0.8189528440574466
0.4742912123155869,0.8207621847789212
0.4767543296985247,0.8224584417053036
0.47949967928159076,0.8243808662218705
0.4828992944194997,0.826190206943345
0.48509300833867863,0.8279995476648196
0.48810776138550355,0.8296958045912021
0.4896985246953175,0.8313920615175845
0.4932264271969211,0.8329752346488748
0.49586914688903144,0.8346714915752572
0.4985503527902502,0.8362546647065475
0.5010519563822964,0.8380640054280222
0.5035535599743425,0.8397602623544046
0.5072225785760103,0.8413434354856949
0.5086080821039127,0.8429266086169852
0.5117639512508018,0.8447359493384597
0.51566388710712,0.8465452900599344
0.5188325849903784,0.8482415469863168
0.521975625400898,0.8499378039126994
0.5248492623476587,0.8516340608390818
0.5272097498396408,0.8534434015605564
0.5303271327774214,0.8550265746918466
0.534047466324567,0.8568359154133213
0.5374599101988454,0.8584190885446116
0.5410776138550353,0.8600022616759019
0.5440282232200129,0.8619246861924686
0.548313021167415,0.8636209431188511
0.550724823604875,0.8653172000452335
0.5558178319435536,0.8669003731765238
0.5590378447722899,0.8685966301029062
0.5620397690827453,0.8702928870292888
0.56674791533034,0.871876060160579
0.5701475304682488,0.8734592332918693
0.5754971135343169,0.875381657808436
0.579807568954458,0.8770779147348186
0.5830019243104554,0.8786610878661087
0.5866324567030148,0.8804704285875834
0.5893393200769724,0.8820536017188737
0.5929570237331623,0.8837498586452561
0.5966388710711995,0.8855591993667308
0.5998460551635664,0.8871423724980211
0.6024246311738294,0.8887255456293113
0.6066709429121232,0.8903087187606016
0.6108146247594612,0.8918918918918919
0.6128672225785761,0.8934750650231822
0.6154586273252085,0.8951713219495646
0.6203078896728672,0.8970937464661314
0.6258883899935856,0.8987900033925138
0.6304682488774855,0.9004862603188963
0.6351635663887107,0.9020694334501866
0.6375112251443232,0.9036526065814768
0.641975625400898,0.9053488635078594
0.6455163566388711,0.9069320366391496
0.6483258499037845,0.9085152097704399
0.654842847979474,0.9103245504919145
0.6587042976266838,0.9120208074182969
0.6627966645285439,0.9136039805495872
0.6660038486209109,0.9151871536808776
0.6707376523412444,0.91688341060726
0.6771391917896087,0.9184665837385503
0.6808851828094933,0.9200497568698406
0.6849134060295061,0.9218590975913151
0.6896215522771008,0.9234422707226054
0.6921231558691469,0.9252516114440801
0.6974983964079539,0.9269478683704625
0.7019499679281591,0.9286441252968449
0.705734445157152,0.9303403822232275
0.709275176395125,0.9319235553545177
0.7133675432969853,0.9336198122809002
0.7172418216805645,0.9353160692072826
0.722604233483002,0.937012326133665
0.7278768441308531,0.9387085830600475
0.7319435535599743,0.9402917561913378
0.7362026940346376,0.9418749293226281
0.7419884541372674,0.9434581024539184
0.7467479153303399,0.9450412755852087
0.7517639512508018,0.946624448716499
0.7574727389352148,0.9482076218477892
0.7633098139833226,0.9497907949790795
0.7679923027581783,0.9513739681103698
0.7753944836433612,0.9529571412416601
0.7847338037203335,0.9545403143729504
0.7900449005772932,0.9561234875042406
0.7954971135343168,0.9577066606355309
0.8023604874919821,0.9592898337668212
0.8104425914047466,0.9609860906932036
0.8166388710711995,0.9625692638244939
0.8221552277100705,0.9641524369557842
0.828313021167415,0.9658486938821667
0.8344194996792816,0.967431867013457
0.8380372033354715,0.9690150401447473
0.8421423989737011,0.9705982132760376
0.8494162924951892,0.9721813864073279
0.8574727389352149,0.9737645595386181
0.862386144964721,0.9753477326699084
0.8681847338037203,0.9769309058011987
0.8742783835792175,0.978514078932489
0.8786786401539448,0.9802103358588714
0.8864913406029507,0.9817935089901617
0.894239897370109,0.9834897659165441
0.9028992944194997,0.9850729390478344
0.9121744708146248,0.9866561121791247
0.9197947402180885,0.9883523691055072
0.9243745991019885,0.9899355422367975
0.9329441949967928,0.9916317991631799
0.9416549069916613,0.9932149722944702
0.9510455420141116,0.9949112292208526
0.9601154586273252,0.9964944023521429
0.9703912764592688,0.9980775754834332
0.9928287363694676,0.9996607486147235
