月份,APP,小程序,线下门店,网页
1月,4916155.0,3630324.0,3727877.0,2140814.0
2月,9306315.0,6133060.0,557083.0,1681606.0
3月,15160480.0,6162555.0,5322195.0,2581791.0
4月,14164907.0,7553882.0,762026.0,6674218.0
5月,13216483.0,12073664.0,1114864.0,4253978.0
6月,14486103.0,9584829.0,2700902.0,6068052.0
7月,12032227.0,2560454.0,4817578.0,9010077.0
8月,11968033.0,8048439.0,3850632.0,6784842.0
9月,17774257.0,8268362.0,946016.0,1933256.0
10月,14687704.0,6472909.0,2200940.0,4056339.0
11月,13286960.0,9735171.0,4799538.0,4232661.0
12月,7942017.0,9928176.0,5625891.0,1592968.0
